task,type,input,output,source
definition,SHA,계약서 상에서 사용되는 용어인 공정시장가치란?,"어느 일자 기준으로, 지배주주와 소수주주가 공동으로 선임한 국내 4대 회계법인에 의해, 또는 지배주주와 소수주주가 제3자의 제안일로부터 [?]영업일 이내에 회계법인에 대한 합의에 도달하지 못한 경우 직전 연도 또는 해당 정보가 제공되는 가장 최근 연도에 금융감독원에 보고되어 공시된 매출액에 기반하여 가장 높은 매출액을 가진 회계법인이 정하는 공정시장가치를 의미한다. 단, 해당 회계법인은 회사, 지배주주 또는 소수주주의 외부감사인에 해당하지 않아야 하며 달리 일방 당사자와 그 공정성에 영향을 미칠만한 이해상충 사유가 없어야 한다. ",SY_WORK-#7701626-v4-_LGHH_ M&A - 국문 표준 SHA 양식 - Pro Majority
definition,SHA,계약서 상에서 사용되는 용어인 적격 IPO란?,"(i) (A) 당시 소수주주가 소유한 매도대상주식 전부가 해당 IPO를 통해 매각되고, (B) 회사의 보통주식의 주당 공모가격이 소수주주가 IPO를 통해 매각되는 매도대상주식과 관련하여 최소 IRR을 실현할 수 있는 가격 이상인 IPO, 또는 (ii) (A) 당시 소수주주가 소유한 매도대상주식의 [?]% 이상이 해당 IPO를 통해 매각되고, (B) 회사의 보통주식의 주당 공모가격이 소수주주가 IPO를 통해 매각하는 매도대상주식과 관련하여 [?]%의 IRR을 실현할 수 있는 가격 이상인 IPO를 의미한다.
소수주주로 투자를 하는 재무적 투자자의 투자회수(Exit)와 관련한 일종의 기준으로 기능하며, 적격 IPO의 정의는 (i) 적격 IPO의 요건에 충족하지 아니하는 상장을 소수주주가 반대할 수 있고, 이에 따라 소수주주가 지배주주에 대하여 주주간계약의 위반에 따른 페널티의 발동 요건이 될 수 있다는 점과 (ii) 분쟁 가능성(소수주주의 투자 당시에는 시장전망 및 산업전망이 좋아 적격IPO 달성이 예상되어도, 실제 IPO 시점에서의 시장 내지 산업 상황에 따라 IPO가 어렵거나 적정한 공모가격이 산정되지 아니할 위험 존재)이 내포되어 있다는 점에서 중요한 의미를 가지므로 지배주주 입장에서 적격 IPO 정의에 대한 신중한 접근이 필요하다.
",가이드라인
definition,SHA,기업 인수합병과 관련한 용어인 내부수익률(IRR)이란?,"(x) 소수주주가 매도대상주식에 대하여 지급한 진입가격(음수로 표현)과 (y) 소수주주의 매도대상주식과 관련 회수금액(배당금, 유상감자대금 등을 포함하여 주주의 자격에서 지급받은 금원을 의미하며 양수로 표현)을 해당 주식의 취득일로부터 각 회수일까지의 기간을 대상으로 하여 어떠한 이자율로 할인하였을 때 위 (x) 및 위 (y)의 현재가치의 합산액이 영(0)이 되도록 하는 이자율을 의미함. 적격 IPO가 되지 않음으로써 지배주주가 대상회사의 경영권을 잃거나 대상회사 운영에 장애를 겪을 수 있는 상황에서 지배주주가 소수주주의 주식 매수 시 고려하는 기준으로 기능한다
",SY_WORK-#7701626-v4-_LGHH_ M&A - 국문 표준 SHA 양식 - Pro Majority
definition,SHA,"주주간합의서(SHA)에 등장하는 ""지배""란?",의결권 있는 증권의 소유 또는 계약 등 방법을 불문하고 직접 또는 간접적으로 해당 인(人) 또는 해당 인(人)의 경영에 대하여 지시를 내리거나 지시하도록 하거나 이에 영향을 미칠 수 있는 능력을 의미한다,SY_WORK-#7701626-v4-_LGHH_ M&A - 국문 표준 SHA 양식 - Pro Majority
definition,SHA,적격IPO 간주란 무엇인가요?,"적격 IPO 요건을 충족하지 못함에 따른 페널티를 지배주주가 받거나 소수주주와 분쟁이 발생하는 것을 미연에 방지하기 위하여 적격 간주 IPO에 대해 규정하게 된다. IPO가 적격 IPO로 진행될 것이라는 합리적인 판단에 따라 지배주주가 회사로 하여금 IPO를 진행하게 하였으나 해당 IPO가 완료 당시 적격 IPO의 조건을 충족하지 않는 경우, 적격간주 IPO조건으로 하는 대체 거래를 제안하고, 소수주주는 지배주주의 제안을 받고 수락여부를 결정할 수 있다",가이드라인
definition,SHA,주주간계약서(SHA)에서의 유인금지 조항이 뭐야?,"지배주주가 대상회사의 임직원을 유인하는 등으로 대상회사의 가치를 훼손하는 행위를 금지하기 위한 규정으로 지배주주는 소수주주의 사전 서면 동의가 없는 한, 본 계약이 존속하는 동안 및 본 계약의 해지일로부터 [?]년이 경과한 날까지, 직접 또는 특수관계인을 통하여 간접적으로, (i) 회사의 고객, 협력업체 기타 거래처로 하여금 회사와의 계약관계 기타 거래관계를 종료, 축소하거나 거래조건을 불리하게 변경하도록 하는 행위, (ii) 회사의 임직원을 고용 또는 채용하거나 이를 권유하는 행위를 하여서는 아니된다 등으로 계약서에 쓰인다.",가이드라인
definition,SHA,이사회의 의결정족수는 무엇인가요?,"이사회 진행 과정에서 사항에 대한 승인은 관련 법률에 따라 달리 요구되지 않는 한, 출석 이사 과반수의 찬성을 요한다는 의미이다.",가이드라인
definition,SHA,주주간합의서(SHA)에서 콜옵션 IRR은 무엇인가요?,"각 제안주식에 대하여 종결일로부터 해당 콜옵션 거래의 종결시까지 적용되는 IRR을 의미함. 기간 구애없이 일정한 IRR로 정할수도 있고, 당사자간 협상에 따라 기간을 구분하여 규정할수도 있다.
(i) 콜옵션 종결이 적격 IPO 이행기한으로부터 [?]개월 이내에 이루어지는 경우 [?]% 
(ii) 콜옵션 종결이 위 (i)에 언급된 기간 직후 도래하는 [?]년의 기간 중 어느 때에 이루어지는 경우 [?]%
(iii) 콜옵션 종결이 위 (ii)에 언급된 기간 직후 도래하는 [?]년의 기간 중 어느 때에 이루어지는 경우 [?]%
(iv) 콜옵션 종결이 위 (iii)에 언급된 기간 직후 도래하는 [?]년의 기간 중 어느 때에 이루어지는 경우 [?]%
(v) 콜옵션 종결이 위 (iv)에 명시된 기간의 만료 후 어느 때에 이루어지는 경우 [?]%.",SY_WORK-#7701626-v4-_LGHH_ M&A - 국문 표준 SHA 양식 - Pro Majority
definition,SHA,계약서 상의 영업일은 어떻게 정의되나요?,"(i) 토요일이나 일요일, 또는 (ii) 대한민국에 소재한 은행들이 법률상 휴업할 것이 요구되거나 승인된 날을 제외한 날을 의미한다.",SY_WORK-#7701626-v4-_LGHH_ M&A - 국문 표준 SHA 양식 - Pro Majority
definition,SHA,지분증권이란?,"(i) 모든 주식, 사원지분, 조합지분, 소유지분 및 기타 지분증권, (ii) 그러한 지분증권을 취득하기 위한 권리, 옵션 또는 워런트 및 (iii) 그러한 지분증권으로 전환, 교환 또는 행사할 수 있는 증권을 의미한다.",SY_WORK-#7701626-v4-_LGHH_ M&A - 국문 표준 SHA 양식 - Pro Majority
definition,SHA,투자자의 동반매도청구권(tag-along right)란?,일방주주가 제3자에게 보유주식을 매도하고자 하는 경우 상대방 주주가 그 양도하는 주주와 함께 동일한 조건으로 해당 제3자에게 양도할 수 있는 권리이다,가이드라인
definition,SHA,투자자의 동반매각요구권(drag-along right)이란?,일방주주가 제3자에게 보유주식을 매도하고자 하는 경우 상대방 주주가 보유하는 주식을 동등한 조건으로 함께 매각할 것을 요구할 수 있는 권리이다,가이드라인
definition,SHA,IPO위원회는 무엇을 논의하나요?,"적격 IPO의 시기, 방식, 절차, 자문인 선임, 그 외 세부 사항 등 적격 IPO의 준비 및 완료에 대하여 검토하고 논의할 특별 위원회이다.",SY_WORK-#7701626-v4-_LGHH_ M&A - 국문 표준 SHA 양식 - Pro Majority
definition,SHA,주주간 계약서에 양도금지 조항이 있는 것은 무엇을 의미하나요?,본 계약의 어느 당사자도 상대방 당사자의 사전 서면 동의 없이 본 계약에 따른 자신의 권리를 양도하거나 의무를 위임할 수 없다.,SY_WORK-#7701626-v4-_LGHH_ M&A - 국문 표준 SHA 양식 - Pro Majority
definition,SHA,가분성/개별성은 무엇을 의미하나요?,"본 계약 또는 본 계약과 관련하여 체결된 문서에 포함된 하나 이상의 조항이 관련 법률에 따라 무효, 위법 또는 집행 불가능한 경우, 본 계약에 포함된 나머지 조항의 유효성, 적법성 및 집행 가능성은 그로 인하여 어떠한 방식으로도 영향을 받거나 손상되지 않는다. 이 경우, 당사자들은 본 계약을 체결함에 있어 당사자들의 의도를 가장 잘 반영하는 유효하고 집행 가능한 대체 조항 또는 합의를 성실하게 협의하기 위하여 최선의 노력을 다한다",SY_WORK-#7701626-v4-_LGHH_ M&A - 국문 표준 SHA 양식 - Pro Majority
definition,SHA,우선매수권(right of first refusal)은 무엇인가요?,지분을 매도하고자 하는 주주가 제3자와 사이에 가격을 포함한 관련 조건을 확정하고 상대방 주주에게 동일한 조건으로 제3자에 우선하여 매수할 수 있는 권리를 상대방 주주에게 부여하는 것이다,가이드라인
definition,SHA,특수관계인은 무엇인가요?,"본인을 직접 또는 간접적으로 지배하거나, 본인에 의하여 지배되거나, 또는 본인과 공동의 지배하에 있는 자를 의미한다",\\KCSDATA2\0Sn$\Saltlux\SMF\센드 완료\삼표_동양시멘트
definition,SHA,후속투자권리 조항이 무엇인가요?,"대상회사가 제 3자로부터 투자를 유치할 수 있고, 후속 투자를 유치하고자 하는 경우 투자자에게 [*원 범위 내에서의 후속 투자 금액, 후속 투자의 방식, 후속 투자 관련 회사의 가치(Valuation), 후속 투자의 조건 및 총 모집금액 등을 기재한 서면(“후속 투자 제안서”)을 제공하여야 하고, 투자자는 회사로부터 후속 투자 제안서를 제공받은 날로부터 [*]일 이내에 회사에 후속 투자 제안서에 대해 동의 또는 거절하거나 후속 투자 제안서에 대한 대안(“후속 투자 대안”)을 제시하여야 한다. 이는 소수지분을 보유한 투자자의 경우 지분 희석으로 투자 당시 상정한 수익률 등 투자 관련 기본 구조가 변경될 가능성이 존재해 증권 발행을 하기 전에 사전에 정한 지분율을 유지할 수 있도록 투자자에게 증권을 인수할 권리를 부여해주도록 요구하는 것이다.",가이드라인
definition,SHA,주주간 계약서에서 정의하는 교착상태(deadlock)의 대표적인 사례는 무엇이 있나요?,"1. 대상회사의 이사회 또는 주주총회에서 특정 안건이 연속으로 [?]회 이상 상정되었다가 부결(또는 보류)된 경우
2. 제[?]조에서 정한 주주간 합의사항 및/또는 제[?]조에서 정한 협의체 논의안건과 관련하여, 일방 당사자가 상대방 당사자에게 서면으로 특정 안건에 대한 상호 합의 요청한 날로부터 [?]월 이내에 해당 안건에 대한 상호 합의가 이루어지지 않은 경우
",가이드라인
definition,SHA,풋옵션(put option)이 무엇인가요?,투자자가 보유하는 회사 주식 전부(“풋옵션 대상주식”)를 매도할 수 있는 권리,가이드라인
COMPLETION_HARD,SHA,"제1조 주식의 양도 제한
(1) 각 당사자는 본건 거래종결일로부터 [?]년이 되는 날까지(“매도제한기간”) 상대방 당사자의 사전 서면 동의가 없는 한 
","자신이 보유하고 있는 회사 발행 주식 전부 또는 일부를 제3자에게 양도, 담보 설정 또는 기타 어떠한 방법으로도 처분(“양도등”)할 수 없다. ",SY_WORK-#7701626-v4-_LGHH_ M&A - 국문 표준 SHA 양식 - Pro Majority
COMPLETION_MEDIUM,SHA,"제1조 주식의 양도 제한
(1) 각 당사자는 본건 거래종결일로부터 [?]년이 되는 날까지(“매도제한기간”) 상대방 당사자의 사전 서면 동의가 없는 한 자신이 보유하고 있는 [BLANK]할 수 없다. 다만, 각 당사자는 다음 각 호가 전부 충족되는 것을 전제조건으로 상대방 당사자의 사전 서면 동의가 없어도 자신의 계열회사에 이를 양도등할 수 있다.
1. 상대방 당사자에게 이를 사전에 서면으로 통지할 것
2. 양수하는 계열회사가, 양도하는 당사자의 본 계약상 지위와 본 계약으로 인한 권리 및 의무를 전부 승계할 것
","회사 발행 주식 전부 또는 일부를 제3자에게 양도, 담보 설정 또는 기타 어떠한 방법으로도 처분(“양도등”)",SY_WORK-#7701626-v4-_LGHH_ M&A - 국문 표준 SHA 양식 - Pro Majority
COMPLETION_EASY,SHA,"제1조 주식의 양도 제한
(1) 각 당사자는 본건 거래종결일로부터 [?]년이 되는 날까지(“매도제한기간”) 상대방 당사자의 [BLANK]가 없는 한 자신이 보유하고 있는 회사 발행 주식 전부 또는 일부를 제3자에게 양도, 담보 설정 또는 기타 어떠한 방법으로도 처분(“양도등”)할 수 없다. 다만, 각 당사자는 다음 각 호가 전부 충족되는 것을 전제조건으로 상대방 당사자의 사전 서면 동의가 없어도 자신의 계열회사에 이를 양도등할 수 있다.
1. 상대방 당사자에게 이를 사전에 서면으로 통지할 것
2. 양수하는 계열회사가, 양도하는 당사자의 본 계약상 지위와 본 계약으로 인한 권리 및 의무를 전부 승계할 것
",사전 서면 동의,SY_WORK-#7701626-v4-_LGHH_ M&A - 국문 표준 SHA 양식 - Pro Majority
COMPLETION_HARD,,"제6조 주주간 합의사항
당사자들은 회사의 경영과 관련한 아래 사항에 관하여 동의권을 갖는다. 각 당사자는 회사로 하여금 당사자들의 사전 서면합의 없이는 다음 각 호의 사항이 실행되거나 이에 대한 약정 등이 체결되지 않도록 하여야 한다.
1. 주식, 전환사채, 신주인수권부사채 기타 회사의 주식에 관련된 증권을 발행하거나, 주식매수선택권(스톡옵션)을 포함하여 주식에 관련된 권리를 부여하는 행위","
2. 발행주식의 증감, 주식의 병합 또는 분할, 자기주식 취득, 감자를 포함한 모든 자본구조의 변경
3. 기업공개(IPO)
4. 정관, 이사회규정(이사회내 위원회 등 관련 규정 포함), 기타 자금 집행 및 승인 관련 규정의 제정, 변경 또는 폐지
5. 합병, 분할, 주식의 포괄적 교환 또는 이전, 영업양수도, 다른 회사의 주식의 취득 및 그에 준하는 행위 
6. CEO 또는 CFO의 해임
7. 회계정책의 변경
8. 해산 또는 청산, 파산 또는 회생, 워크아웃 및 그에 유사한 절차의 신청
9. 상법상 주주총회 특별결의사항
10. 이상의 각 행위를 하기로 하는 합의 또는 약속

",SY_WORK-#7742588-v3-_LGHH_ M&A - 국문 표준 SHA 양식 - 50_50
COMPLETION_MEDIUM,,"제6조 주주간 합의사항
당사자들은 회사의 경영과 관련한 아래 사항에 관하여 동의권을 갖는다. 각 당사자는 회사로 하여금 당사자들의 사전 서면합의 없이는 다음 각 호의 사항이 실행되거나 이에 대한 약정 등이 체결되지 않도록 하여야 한다.
1. 주식, 전환사채, 신주인수권부사채 기타 회사의 주식에 관련된 [BLANK] 하는 행위
2. 발행주식의 증감, 주식의 병합 또는 분할, 자기주식 취득, 감자를 포함한 모든 자본구조의 변경
3. 기업공개(IPO)
4. 정관, 이사회규정(이사회내 위원회 등 관련 규정 포함), 기타 자금 집행 및 승인 관련 규정의 제정, 변경 또는 폐지
5. 합병, 분할, 주식의 포괄적 교환 또는 이전, 영업양수도, 다른 회사의 주식의 취득 및 그에 준하는 행위 
6. CEO 또는 CFO의 해임
7. 회계정책의 변경
8. 해산 또는 청산, 파산 또는 회생, 워크아웃 및 그에 유사한 절차의 신청
9. 상법상 주주총회 특별결의사항
10. 이상의 각 행위를 하기로 하는 합의 또는 약속

","증권을 발행하거나, 주식매수선택권(스톡옵션)을 포함하여 주식에 관련된 권리를 부여",SY_WORK-#7742588-v3-_LGHH_ M&A - 국문 표준 SHA 양식 - 50_50
COMPLETION_EASY,,"제6조 주주간 합의사항
당사자들은 회사의 경영과 관련한 아래 사항에 관하여 [BLANK]을 갖는다. 각 당사자는 회사로 하여금 당사자들의 사전 서면합의 없이는 다음 각 호의 사항이 실행되거나 이에 대한 약정 등이 체결되지 않도록 하여야 한다.
1. 주식, 전환사채, 신주인수권부사채 기타 회사의 주식에 관련된 증권을 발행하거나, 주식매수선택권(스톡옵션)을 포함하여 주식에 관련된 권리를 부여하는 행위
2. 발행주식의 증감, 주식의 병합 또는 분할, 자기주식 취득, 감자를 포함한 모든 자본구조의 변경
3. 기업공개(IPO)
4. 정관, 이사회규정(이사회내 위원회 등 관련 규정 포함), 기타 자금 집행 및 승인 관련 규정의 제정, 변경 또는 폐지
5. 합병, 분할, 주식의 포괄적 교환 또는 이전, 영업양수도, 다른 회사의 주식의 취득 및 그에 준하는 행위 
6. CEO 또는 CFO의 해임
7. 회계정책의 변경
8. 해산 또는 청산, 파산 또는 회생, 워크아웃 및 그에 유사한 절차의 신청
9. 상법상 주주총회 특별결의사항
10. 이상의 각 행위를 하기로 하는 합의 또는 약속",동의권,SY_WORK-#7742588-v3-_LGHH_ M&A - 국문 표준 SHA 양식 - 50_50
COMPLETION_EASY,,"제2조 회사의 지배구조
(1) 주주총회
1. 권한 및 책임. 주주총회는 부록 1에 기재된 사항(“주주총회 특별결의사항”) 및 기타 관련 법률에 따라 주주총회에 유보된 사항을 결정 및 결의한다.
2. 주주총회. 정기주주총회는 회사의 매 회계연도 종료 후 3개월 이내에 개최한다. 임시주주총회는 이사회의 결의에 따라 언제든지 개최할 수 있다. 대표이사는 이사회의 결의에 따라 각 주주총회를 소집한다. 
3. 의결정족수. 주주총회 특별결의사항의 승인 및 상법상 특별결의를 요하는 사항은 본건 주식의 발행주식총수의 3분의 2의 찬성에 의하여야 한다. 기타 주주총회에 회부된 사항에 대한 승인은 본건 주식의 발행주식총수의 [BLANK] 의 찬성에 의하여야 한다.
",과반수,SY_WORK-#7701626-v4-_LGHH_ M&A - 국문 표준 SHA 양식 - Pro Majority
COMPLETION_MEDIUM,,"제2조 회사의 지배구조
(1) 주주총회
1. 권한 및 책임. 주주총회는 부록 1에 기재된 사항(“주주총회 특별결의사항”) 및 기타 관련 법률에 따라 주주총회에 유보된 사항을 결정 및 결의한다.
2. 주주총회. 정기주주총회는 회사의 매 회계연도 종료 후 3개월 이내에 개최한다. 임시주주총회는 이사회의 결의에 따라 언제든지 개최할 수 있다. 대표이사는 이사회의 결의에 따라 각 주주총회를 소집한다. 
3. 의결정족수. [BLANK] 은 본건 주식의 발행주식총수의 3분의 2의 찬성에 의하여야 한다. 기타 주주총회에 회부된 사항에 대한 승인은 본건 주식의 발행주식총수의 과반수의 찬성에 의하여야 한다.",주주총회 특별결의사항의 승인 및 상법상 특별결의를 요하는 사항,SY_WORK-#7701626-v4-_LGHH_ M&A - 국문 표준 SHA 양식 - Pro Majority
COMPLETION_HARD,,"제2조 회사의 지배구조
(1) 주주총회
1. 권한 및 책임. 주주총회는 부록 1에 기재된 사항(“주주총회 특별결의사항”) 및 기타 관련 법률에 따라 주주총회에 유보된 사항을 결정 및 결의한다.
2. 주주총회. 정기주주총회는 회사의 매 회계연도"," 종료 후 3개월 이내에 개최한다. 임시주주총회는 이사회의 결의에 따라 언제든지 개최할 수 있다. 대표이사는 이사회의 결의에 따라 각 주주총회를 소집한다. 
3. 의결정족수. 주주총회 특별결의사항의 승인 및 상법상 특별결의를 요하는 사항은 본건 주식의 발행주식총수의 3분의 2의 찬성에 의하여야 한다. 기타 주주총회에 회부된 사항에 대한 승인은 본건 주식의 발행주식총수의 과반수의 찬성에 의하여야 한다.",SY_WORK-#7701626-v4-_LGHH_ M&A - 국문 표준 SHA 양식 - Pro Majority
COMPLETION_EASY,,"2. 제5조 제1항 제1호의 일반성을 해함이 없이, 당사자들은 IPO가 적격 IPO로 진행되지 않을 것이라는 지배주주의 합리적인 판단이 있을 경우 지배주주는 회사로 하여금 IPO를 진행하게 할 의무를 지지 않음에 동의한다. IPO가 적격 IPO로 진행될 것이라는 합리적인 판단에 따라 지배주주가 회사로 하여금 IPO를 진행하게 하였으나 해당 IPO가 완료 당시 적격 IPO의 조건을 충족하지 않는 경우, 본 계약상 상반되는 조항에도 불구하고 (i) 지배주주는 해당 IPO의 완료일로부터 [?]영업일 이내에, 소수주주가 매도대상주식 전부에 대하여 [BLANK]을 실현할 수 있는 금액의 현금 대금 또는 지급액을 수취하는 것을 조건(“적격 간주 IPO 조건”)으로 하는 대체 거래를 제안하고, (ii) 소수주주는 지배주주의 제안을 받은 날로부터 [?]영업일 이내에 제안 수락 여부를 결정하여 지배주주에 통지하여야 한다.",최소 IRR,SY_WORK-#7701626-v4-_LGHH_ M&A - 국문 표준 SHA 양식 - Pro Majority
COMPLETION_MEDIUM,,"1.????? 제5조 제1항 제1호의 일반성을 해함이 없이, 당사자들은 IPO가 적격 IPO로 진행되지 않을 것이라는 지배주주의 합리적인 판단이 있을 경우 지배주주는 회사로 하여금 IPO를 진행하게 할 의무를 지지 않음에 동의한다. IPO가 적격 IPO로 진행될 것이라는 합리적인 판단에 따라 지배주주가 회사로 하여금 IPO를 진행하게 하였으나[BLANK], 본 계약상 상반되는 조항에도 불구하고 (i) 지배주주는 해당 IPO의 완료일로부터 [?]영업일 이내에, 소수주주가 매도대상주식 전부에 대하여 최소 IRR을 실현할 수 있는 금액의 현금 대금 또는 지급액을 수취하는 것을 조건(“적격 간주 IPO 조건”)으로 하는 대체 거래를 제안하고, (ii) 소수주주는 지배주주의 제안을 받은 날로부터 [?]영업일 이내에 제안 수락 여부를 결정하여 지배주주에 통지하여야 한다.", 해당 IPO가 완료 당시 적격 IPO의 조건을 충족하지 않는 경우,SY_WORK-#7701626-v4-_LGHH_ M&A - 국문 표준 SHA 양식 - Pro Majority
COMPLETION_HARD,,"2. 제5조 제1항 제1호의 일반성을 해함이 없이, 당사자들은 IPO가 적격 IPO로 진행되지 않을 것이라는 지배주주의 합리적인 판단이 있을 경우 지배주주는 회사로 하여금 IPO를 진행하게 할 의무를 지지 않음에 동의한다. IPO가 적격 IPO로 진행될 것이라는 합리적인 판단에 따라 지배주주가 회사로 하여금 IPO를 진행하게 하였으나 해당 IPO가 완료 당시 적격 IPO의 조건을 충족하지 않는 경우, 본 계약상 상반되는 조항에도 불구하고 (i) 지배주주는 ","해당 IPO의 완료일로부터 [?]영업일 이내에, 소수주주가 매도대상주식 전부에 대하여 최소 IRR을 실현할 수 있는 금액의 현금 대금 또는 지급액을 수취하는 것을 조건(“적격 간주 IPO 조건”)으로 하는 대체 거래를 제안하고, (ii) 소수주주는 지배주주의 제안을 받은 날로부터 [?]영업일 이내에 제안 수락 여부를 결정하여 지배주주에 통지하여야 한다.",SY_WORK-#7701626-v4-_LGHH_ M&A - 국문 표준 SHA 양식 - Pro Majority
COMPLETION_EASY,,"제3조 양도가 허용되는 주식에 대한 [BLANK]
(1) 어느 당사자(“양도당사자”)가 자신이 보유한 회사 주식(“제안주식”)을 제3자에게 처분하고자 하는 경우, 그 상대방 당사자(“비양도당사자”)는 본 조에 따라 그 제안주식의 전부를 우선적으로 매수할 권리(“[BLANK]”)를 가진다.
(2) 양도당사자는 제3자(“제3자 매수인”)에게 매도하고자 하는 주식 수, 주당 매도가격(“매도예정가격”), 제3자 매수인의 상호(또는 이름) 및 주소의 정보를 포함한 매매의 주요 정보를 비양도당사자에게 서면통지(“양도통지”) 하여야 한다. 비양도당사자는 양도통지를 받은 날로부터 [?]주(“옵션기간”) 이내에 양도당사자에게 서면통지(“우선매수통지”)함으로써 [BLANK]을 행사한다.
",우선매수권,SY_WORK-#7701626-v4-_LGHH_ M&A - 국문 표준 SHA 양식 - 50_50
COMPLETION_MEDIUM,,"제6조 주식의 양도
(1) 일반사항. 본 제6조에 의한 경우를 제외하고 어떠한 당사자도 자신이 보유한 본건 주식을 양도하여서는 안 된다. 본 조를 위반하여 본건 주식을 양도하는 경우 그러한 양도는 (i) 처음부터 무효이고 (ii) 관련 법률상 허용되는 범위 내에서 회사의 장부상 기록되지 않으며 회사에 의하여 인정되지 않는다.
(2) 제3자에 대한 양도; 우선매수권.
1. 거래종결일로부터 [?]년(“매도제한기간”)이 경과한 후 소수주주가 제3자 매수 예정인(“제3자 매수인”)으로부터 선의의 제안을 받아 자신이 보유한 본건 주식 전부(일부는 불가함)(이하 본 항에서 “제안주식”)를 양도하고자 하는 경우, 소수주주는 해당 제안에 대하여 서면으로 지배주주 및 이사회에 통지(“양도통지”)하여야 한다. 양도통지에는 [BLANK] 을 기재하여야 한다.", 제안주식 1주당 가격 및 제안주식의 수 등 제3자 매수인으로부터 받은 선의의 제안의 조건,SY_WORK-#7701626-v4-_LGHH_ M&A - 국문 표준 SHA 양식 - Pro Majority
COMPLETION_HARD,,"제6조 주식의 양도
(1) 일반사항. 본 제6조에 의한 경우를 제외하고 어떠한 당사자도 자신이 보유한 본건 주식을 양도하여서는 안 된다. 본 조를 위반하여 본건 주식을 양도하는 경우 그러한 양도는 (i) 처음부터 무효이고 (ii) 관련 법률상 허용되는 범위 내에서 회사의 장부상 기록되지 않으며 회사에 의하여 인정되지 않는다.
(2) 제3자에 대한 양도; 우선매수권.
1. 거래종결일로부터 [?]년(“매도제한기간”)이 경과한 후 소수주주가 제3자 매수 예정인(“제3자 매수인”)으로부터 선의의 제안을 받아 자신이 보유한 본건 주식 전부(일부는 불가함)(이하 본 항에서 “제안주식”)를 양도하고자 하는 경우, 소수주주는 해당 제안에 대하여 서면으로 지배주주 및 이사회에 통지(“양도통지”)하여야 한다. 양도통지에는 제안주식 1주당 가격 및 제안주식의 수 등 제3자 매수인으로부터 받은 선의의 제안의 조건을 기재하여야 한다.
2. 지배주주는 양도통지를 수령한 후", [?]일(“옵션기간”) 이내에 소수주주에 서면으로 통지(“우선매수권통지”)함으로써 양도통지에 명시된 것과 동일한 조건으로 제안주식 전부(일부는 불가함)를 매수할 수 있는 우선매수권(“우선매수권”)을 행사하여야 한다.,SY_WORK-#7701626-v4-_LGHH_ M&A - 국문 표준 SHA 양식 - Pro Majority
COMPLETION_EASY,,"제4조 투자자의 동반매도청구권(Tag-Along Right) 
(1) 제2조에 따라 투자자가 이해관계인의 주식의 양도등에 대하여 동의하였고, 제3조에 따른 우선매수권을 행사하지 않은 투자자는 그와 같이 주식을 양도하는 이해관계인에 대하여 투자자가 보유한 회사 주식의 전부 또는 일부(“동반매도주식”)를 공동으로 이해관계인과 실질적으로 [BLANK]에 매도하는 거래에 참여할 수 있는 권리(“동반매도청구권”)를 가진다. ",동일한 거래조건,SY_WORK-#7701626-v4-_LGHH_ M&A - 국문 표준 SHA 양식 - Pro Majority
COMPLETION_MEDIUM,,"제4조 투자자의 동반매도청구권(Tag-Along Right) 
(1) 제2조에 따라 투자자가 이해관계인의 주식의 양도등에 대하여 동의하였고, 제3조에 따른 우선매수권을 행사하지 않은 투자자는 그와 같이 주식을 양도하는 이해관계인에 대하여 투자자가 보유한 회사 주식의 전부 또는 일부(“동반매도주식”)를 공동으로 이해관계인과 실질적으로 동일한 거래조건에 매도하는 거래에 참여할 수 있는 권리(“동반매도청구권”)를 가진다. 
(2) 투자자가 제3조 제1항에 따라 이해관계인으로부터 양도통지를 받은 경우, 제3조에 따른 우선매수청구권을 행사하지 않은 투자자는 제3조 제2항에 따른 옵션기간 종료 이후 [?]일 이내에 이해관계인에게 동반매도주식 수 및 동반매도청구권을 행사하겠다는 의사를 서면으로 통지(“동반매도청구통지”)함으로써 제4조 제1항에 따른 동반매도청구권을 행사할 수 있다. 투자자가 제3조 제2항에 따른 우선매수기간 종료 이후 [?]일 이내에 동반매도청구통지를 하지 않은 경우에는 [BLANK].
",이해관계인은 본 조에 의한 동반매도청구권의 부담 없이 제3조의 절차에 따라 양도등을 할 수 있다,SY_WORK-#7701626-v4-_LGHH_ M&A - 국문 표준 SHA 양식 - Pro Majority
COMPLETION_HARD,,"제4조 투자자의 동반매도청구권(Tag-Along Right) 
(1) 제2조에 따라 투자자가 이해관계인의 주식의 양도등에 대하여 동의하였고, 제3조에 따른 우선매수권을 행사하지 않은 투자자는 그와 같이 주식을 양도하는 이해관계인에 대하여 투자자가 보유한 회사 주식의 전부 또는 일부(“동반매도주식”)를 공동으로 이해관계인과 실질적으로 동일한 거래조건에 매도하는 거래에 참여할 수 있는 권리(“동반매도청구권”)를 가진다. 명확히 하면, 제3조에 따른 우선매수권을 행사하지 않은 투자자가 본 조에 따른 동반매도청구권을 행사함에 따라 진행되는 동반매도거래에는 제2조 내지 제3조는 적용되지 아니한다.
(..)
(3) 제안주식에 대해 제3조에 따른 우선매수권이 행사되지 않고 이해관계인이 동반매도청구통지를 받은 경우, 이해관계인은 동반매도주식을 제안주식의 주당 양도가격과 동일한 가격 및 제안주식의 그 밖의 양도조건과 실질적으로 동일한 조건으로 제3자 매수인에게 양도하여야 한다. 단, 이해관계인은 동반매도주식의 전부를 제3자 매수인에게 매도하기 전까지 ","자신의 제안주식을 매도할 수 없고, 제안주식과 동반매도주식의 합계가 제3자 매수인이 매수하고자 하는 주식의 총수보다 큰 경우, 동반매도주식을 우선적으로 양도하여야 한다. ",SY_WORK-#7701626-v4-_LGHH_ M&A - 국문 표준 SHA 양식 - Pro Majority
COMPLETION_EASY,,"(3) 적격 IPO 불발의 결과. 적격 간주 IPO 및 적격 IPO 중 어느 것도 완료되지 않을 경우,
1. 적격 IPO 이행기한 이후 언제든지 수시로, 지배주주는 당시 소수주주가 보유하는 본건 주식의 전부 또는 일부를 매수할 권리(“콜옵션”)를 갖고 소수주주는 이를 매도할 의무를 갖되, 지배주주가 콜옵션을 행사하더라도 당시 소수주주가 보유하는 매도대상주식의 수가 당시 발행된 본건 주식 총수의 [?]% 이하가 되지 않는 경우에 한한다(이하 본 항에서 “제안주식”). 이 때 매수 가격은 소수주주가 제안주식에 대하여 [BLANK]을 실현할 수 있는 금액으로 하고, 지배주주는 (i) 지배주주가 콜옵션을 행사할 의사, (ii) 매수할 본건 주식의 수, (iii) 행사가격 등을 기재한 서면 통지(“콜옵션 행사통지”)를 소수주주에게 송부함으로써 콜옵션을 행사한다. 
",콜옵션 IRR,SY_WORK-#7701626-v4-_LGHH_ M&A - 국문 표준 SHA 양식 - Pro Majority
COMPLETION_MEDIUM,,"(3) 적격 IPO 불발의 결과. [BLANK],
1. 적격 IPO 이행기한 이후 언제든지 수시로, 지배주주는 당시 소수주주가 보유하는 본건 주식의 전부 또는 일부를 매수할 권리(“콜옵션”)를 갖고 소수주주는 이를 매도할 의무를 갖되, 지배주주가 콜옵션을 행사하더라도 당시 소수주주가 보유하는 매도대상주식의 수가 당시 발행된 본건 주식 총수의 [?]% 이하가 되지 않는 경우에 한한다(이하 본 항에서 “제안주식”). 이 때 매수 가격은 소수주주가 제안주식에 대하여 콜옵션 IRR을 실현할 수 있는 금액으로 하고, 지배주주는 (i) 지배주주가 콜옵션을 행사할 의사, (ii) 매수할 본건 주식의 수, (iii) 행사가격 등을 기재한 서면 통지(“콜옵션 행사통지”)를 소수주주에게 송부함으로써 콜옵션을 행사한다. 콜옵션 행사통지가 발송됨과 동시에 제안주식의 매매에 관한 확정계약이 체결된 것으로 간주한다. 콜옵션의 행사에 따른 제안주식 매매 거래(“콜옵션 거래”)는 콜옵션 행사통지가 송부된 날로부터 [?]일, 그리고 관련 법률상 요구되는 바에 따라 필요한 정부승인(지배주주는 이를 신속히 취득하기 위하여 최선의 노력을 다하여야 함)을 취득하는 데 필요한 시간을 더한 기간 이내에 종결되어야 한다. 
",적격 간주 IPO 및 적격 IPO 중 어느 것도 완료되지 않을 경우,SY_WORK-#7701626-v4-_LGHH_ M&A - 국문 표준 SHA 양식 - Pro Majority
COMPLETION_HARD,,"(3) 적격 IPO 불발의 결과. 적격 간주 IPO 및 적격 IPO 중 어느 것도 완료되지 않을 경우,
1. 적격 IPO 이행기한 이후 언제든지 수시로, 지배주주는 당시 소수주주가 보유하는 본건 주식의 전부 또는 일부를 매수할 권리(“콜옵션”)를 갖고 소수주주는 이를 매도할 의무를 갖되, 지배주주가 콜옵션을 행사하더라도 당시 소수주주가 보유하는 매도대상주식의 수가 당시 발행된 본건 주식 총수의 [?]% 이하가 되지 않는 경우에 한한다(이하 본 항에서 “제안주식”). 이 때 매수 가격은 ","소수주주가 제안주식에 대하여 콜옵션 IRR을 실현할 수 있는 금액으로 하고, 지배주주는 (i) 지배주주가 콜옵션을 행사할 의사, (ii) 매수할 본건 주식의 수, (iii) 행사가격 등을 기재한 서면 통지(“콜옵션 행사통지”)를 소수주주에게 송부함으로써 콜옵션을 행사한다. 콜옵션 행사통지가 발송됨과 동시에 제안주식의 매매에 관한 확정계약이 체결된 것으로 간주한다. 콜옵션의 행사에 따른 제안주식 매매 거래(“콜옵션 거래”)는 콜옵션 행사통지가 송부된 날로부터 [?]일, 그리고 관련 법률상 요구되는 바에 따라 필요한 정부승인(지배주주는 이를 신속히 취득하기 위하여 최선의 노력을 다하여야 함)을 취득하는 데 필요한 시간을 더한 기간 이내에 종결되어야 한다. 콜옵션 거래는 회사의 주된 사무소 또는 그 외 당사자들이 합의하는 장소에서 종결되는 것으로 하며, 해당 종결 당시 소수주주는 제안주식을 표창하는 주권을 교부하여야 하고, 해당 제안주식은 본 계약상 발생하는 담보 및 지배주주에 귀책사유가 있는 담보를 제외한 어떠한 담보도 없는 상태여야 한다. 당사자들이 달리 합의하지 않는 한, 지배주주는 콜옵션 거래의 종결 당시 자신이 매수한 제안주식에 대한 대금을 즉시 이용 가능한 자금의 형태로 전액 납부하여야 한다. 그러한 종결 당시 당사자들은 달리 합리적으로 필요하거나 적절한 경우 추가 서류를 체결 및/또는 교부하여야 한다. 제안주식은 엄격하게 있는 그대로(strict as-is basis) 매매하기로 하며, 콜옵션 거래 종결 이후 소수주주는 콜옵션 거래와 관련하여 어떠한 책임 또는 의무도 부담하지 않는다. 단, 소수주주는 제안주식에 대한 수권, 집행, 집행가능성, 상충 부존재, 소유권과 관련하여 진술, 보장, 면책할 의무를 부담한다.
",SY_WORK-#7701626-v4-_LGHH_ M&A - 국문 표준 SHA 양식 - Pro Majority
COMPLETION_EASY,,"제  9  조 [BLANK] 
각 당사자는 본 계약일 및 거래 종결일 현재 아래와 같이 상대방 당사자에게 진술 및 보장한다. 
9.1. 설립 및 능력.  각 당사자는 (i) 대한민국의 법령에 따라 적법하게 설립되고 유효하게 존속하며, (ii) 현재 영위하고 있는 사업을 수행하는데 필요한 모든 회사법상의 능력 및 자격을 가지고 있다.
9.2. 계약의 승인; 집행가능성.
(a) 각 당사자는 본 계약의 체결 및 이행에 필요한 모든 회사법상의 능력과 자격을 가지고 있다. 본 계약의 체결 및 이행은 해당 당사자의 모든 필요한 내부절차에 따라 적법하게 승인되었다.
(b) 본 계약은 각 당사자에 의하여 적법하게 체결되었고, 해당 당사자에 대하여 본 계약의 조건들에 따라 집행할 수 있는 유효하고, 구속력이 있는 의무를 구성한다. 단, 본 계약의 집행가능성은 파산, 도산, 사해행위, 회사정리, 지급유예 기타 채권자들의 권리에 관계되거나 채권자들의 권리에 일반적으로 영향을 주는 유사한 법령에 의하여 제한될 수 있다. 
",당사자들의 진술 및 보장 ,\\KCSDATA2\0Sn$\Saltlux\SMF\센드 완료\삼표_동양시멘트
COMPLETION_MEDIUM,,"제  9  조 당사자들의 진술 및 보장 
각 당사자는 본 계약일 및 거래 종결일 현재 아래와 같이 상대방 당사자에게 진술 및 보장한다. 
9.1. 설립 및 능력.  각 당사자는 (i) 대한민국의 법령에 따라 적법하게 설립되고 유효하게 존속하며, (ii) 현재 영위하고 있는 사업을 수행하는데 필요한 모든 회사법상의 능력 및 자격을 가지고 있다.
9.2. 계약의 승인; 집행가능성.
(a) 각 당사자는 본 계약의 [BLANK]을 가지고 있다. 본 계약의 체결 및 이행은 해당 당사자의 모든 필요한 내부절차에 따라 적법하게 승인되었다.
(b) 본 계약은 각 당사자에 의하여 적법하게 체결되었고, 해당 당사자에 대하여 본 계약의 조건들에 따라 집행할 수 있는 유효하고, 구속력이 있는 의무를 구성한다. 단, 본 계약의 집행가능성은 파산, 도산, 사해행위, 회사정리, 지급유예 기타 채권자들의 권리에 관계되거나 채권자들의 권리에 일반적으로 영향을 주는 유사한 법령에 의하여 제한될 수 있다. 
9.3. 법령, 정관, 정부승인 등에 위반되지 아니함. 각 당사자에 의한 본 계약의 체결 및 이행은 (i) 각 당사자의 정관에 위반되거나, (ii) 각 당사자에게 적용되는 법령 또는 정부승인에 위반되거나, (iii) 각 당사자가 당사자인 중요한 계약 또는 해당 당사자가 부담하고 있는 중요한 의무와 관련하여 그 위반 또는 의무불이행을 구성하거나 기한의 이익을 상실시키지 아니한다(상대방 계약당사자, 채권자 또는 제3자의 통지, 결정 또는 결의나 일정 기간의 경과시 위반 또는 의무불이행을 구성하거나 기한의 이익이 상실되는 경우를 포함한다).  
",체결 및 이행에 필요한 모든 회사법상의 능력과 자격,\\KCSDATA2\0Sn$\Saltlux\SMF\센드 완료\삼표_동양시멘트
COMPLETION_HARD,,"제  9  조 당사자들의 진술 및 보장 
각 당사자는 본 계약일 및 거래 종결일 현재 아래와 같이 상대방 당사자에게 진술 및 보장한다. 
9.1. 설립 및 능력.  각 당사자는 (i) 대한민국의 법령에 따라 적법하게 설립되고 유효하게 존속하며, (ii) 현재 영위하고 있는 사업을 수행하는데 필요한 모든 회사법상의 능력 및 자격을 가지고 있다.
9.2. 계약의 승인; 집행가능성.
(a) 각 당사자는 본 계약의 체결 및 이행에 필요한 모든 회사법상의 능력과 자격을 가지고 있다. 본 계약의 체결 및 이행은 해당 당사자의 모든 필요한 내부절차에 따라 적법하게 승인되었다.
(b) 본 계약은 각 당사자에 의하여 적법하게 체결되었고, 해당 당사자에 대하여 본 계약의 조건들에 따라 집행할 수 있는 유효하고, 구속력이 있는 의무를 구성한다. 단, 본 계약의 집행가능성은 파산, 도산, 사해행위, 회사정리, 지급유예 기타 채권자들의 권리에 관계되거나 채권자들의 권리에 일반적으로 영향을 주는 유사한 법령에 의하여 제한될 수 있다. 
9.3. 법령, 정관, 정부승인 등에 위반되지 아니함. 각 당사자에 의한 본 계약의 체결 및 이행은 (i) 각 당사자의 정관에 위반되거나, (ii) 각 당사자에게 적용되는 법령 또는 정부승인에 위반되거나, (iii) 각 당사자가 당사자인 중요한 계약 또는 해당 당사자가 부담하고 있는 중요한 의무와 관련하여 ","그 위반 또는 의무불이행을 구성하거나 기한의 이익을 상실시키지 아니한다(상대방 계약당사자, 채권자 또는 제3자의 통지, 결정 또는 결의나 일정 기간의 경과시 위반 또는 의무불이행을 구성하거나 기한의 이익이 상실되는 경우를 포함한다).  ",\\KCSDATA2\0Sn$\Saltlux\SMF\센드 완료\삼표_동양시멘트
COMPLETION_EASY,,"제12조 기존주주의 주식매도청구권(Call Option)
(1) 주식매도청구권.  다음 각 호 중 하나의 사유가 발생한 경우(각 사유를 통틀어 “교착상태”) 또는 제11조 제2항 제3호의 경우, 기존주주는 투자자에 대하여 본 조에 따라 회사 발행 주식을 매도할 것을 청구할 수 있다.
1. 회사의 [BLANK] 또는 [BLANK]에서 특정 안건이 연속으로 [?]회 이상 상정되었다가 부결(또는 보류)된 경우
(2) 기존주주는 교착상태가 발생한 날로부터 [?]주가 되는 날까지, 주식매도청구권을 행사한다는 의사를 기재한 서면(“콜옵션 행사통지”)을 투자자에게 통지함으로써, 투자자가 보유하는 회사 주식 전부(“콜옵션 대상주식”)를 매수할 수 있는 권리(“콜옵션”)를 갖는다. ","이사회, 주주총회",SY_WORK-#7701626-v4-_LGHH_ M&A - 국문 표준 SHA 양식 - 50_50
COMPLETION_MEDIUM,,"제12조 기존주주의 주식매도청구권(Call Option)
(1) 주식매도청구권.  다음 각 호 중 하나의 사유가 발생한 경우(각 사유를 통틀어 “교착상태”) 또는 제11조 제2항 제3호의 경우, 기존주주는 투자자에 대하여 본 조에 따라 회사 발행 주식을 매도할 것을 청구할 수 있다.
1. 회사의 이사회 또는 주주총회에서 특정 안건이 연속으로 [?]회 이상 상정되었다가 부결(또는 보류)된 경우
(2) 기존주주는 교착상태가 발생한 날로부터 [?]주가 되는 날까지, 주식매도청구권을 행사한다는 의사를 기재한 서면(“콜옵션 행사통지”)을 투자자에게 통지함으로써, 투자자가 보유하는 [BLANK]를 매수할 수 있는 권리(“콜옵션”)를 갖는다. ",회사 주식 전부(“콜옵션 대상주식”),SY_WORK-#7701626-v4-_LGHH_ M&A - 국문 표준 SHA 양식 - 50_50
COMPLETION_HARD,,"제12조 기존주주의 주식매도청구권(Call Option)
(1) 주식매도청구권.  다음 각 호 중 하나의 사유가 발생한 경우(각 사유를 통틀어 “교착상태”) 또는 제11조 제2항 제3호의 경우, 기존주주는 투자자에 대하여 본 조에 따라 회사 발행 주식을 매도할 것을 청구할 수 있다.
1. 회사의 이사회 또는 주주총회에서 특정 안건이 연속으로 [?]회 이상 상정되었다가 부결(또는 보류)된 경우
(2) 기존주주는 교착상태가 발생한 날로부터 [?]주가 되는 날까지, 주식매도청구권을 행사한다는 의사를 기재한 서면(“콜옵션 행사통지”)을 투자자에게 통지함으로써, 투자자가 보유하는 회사 주식 전부(“콜옵션 대상주식”)를 매수할 수 있는 권리(“콜옵션”)를 갖는다. 
(3) 매매대금.  콜옵션 행사에 따른 매매대금은 (i) (가) 교착상태로 인한 콜옵션 행사의 경우 콜옵션에 따른 거래가 완료되는 시점을 기준으로","계산한 투자자의 콜옵션 대상주식에 관한 주금납입액의 [?]%가 되도록 하는 금액, 또는 (나) 제11조 제2항 제3호에 따른 콜옵션 행사의 경우 콜옵션에 따른 거래가 완료되는 시점을 기준으로 계산한 투자자의 콜옵션 대상주식에 관한 주금납입액의 [?]% 금액, 및 (ii) 콜옵션 대상주식에 대하여 상호 합의에 따라 정한 국내 상위 4대(소속 회계사 수를 기준으로 하고, 이하 같음) 회계법인 중 하나의 회계법인이 산정한 공정가치 중 높은 금액(“콜옵션 대금”)으로 한다. 다만, 당사자들 사이에서 회계법인에 대한 합의가 콜옵션 행사통지를 투자자가 수령한 날로부터 [?]일 이내에 이루어지지 아니하는 경우 기존주주가 단독으로 국내 상위 4대 회계법인 중 하나의 회계법인을 선정할 수 있다.",SY_WORK-#7701626-v4-_LGHH_ M&A - 국문 표준 SHA 양식 - 50_50
COMPLETION_EASY,,"(3) 동의 사항. 본 계약 기간 동안, 회사에 의해 또는 회사를 대리하여 [BLANK]의 [BLANK] 없이 부록 2에 기재된 어떠한 행위도 취해질 수 없다. ","소수주주, 사전 서면 동의",SY_WORK-#7701626-v4-_LGHH_ M&A - 국문 표준 SHA 양식 - Pro Majority
COMPLETION_HARD,,"(3) 동의 사항. 본 계약 기간 동안, 회사에 의해 또는 회사를 대리하여 소수주주의 사전 서면 동의 없이 부록 2에 기재된 어떠한 행위도 취해질 수 없다. 
부록 2. 동의 사항
? 신규 지분증권의 발행(적격 IPO, 적격 간주 IPO 또는 소수주주 주도 IPO에서 발행되는 지분증권은 포함되지 않음)
? ","?단일 거래 또는 일련의 관련 거래에서 전체 (i) 자산총액, (ii) 매출총액 및 (iii) 소수주주에게 동의요청서가 교부되는 날의 직전일 기준 회사의 부채총액 중 낮은 금액의 [?]%에 해당하는 금액을 초과하는 회사의 주요 자산의 매각, 임대, 양도, 독점 라이선스 또는 기타 처분
?단일 거래 또는 일련의 관련 거래에서 전체 (i) 자산총액, (ii) 매출총액 및 (iii) 소수주주에게 동의요청서가 교부되는 날의 직전일 기준 회사의 부채총액 중 낮은 금액의 [?]%에 해당하는 금액을 초과하는 개별 자본 지출
?단일 거래 또는 일련의 관련 거래에서 전체 (i) 자산총액, (ii) 매출총액 및 (iii) 소수주주에게 동의요청서가 교부되는 날의 직전일 기준 회사의 부채총액 중 낮은 금액의 [?]%에 해당하는 금액을 초과하는 대출, 보증, 선급금 또는 출자금(단, 만기가 1년 이내인 단기 대출 제외)
?과거 관행에 부합하는 통상적인 사업 과정에서의 정상거래(예를 들어, 원재료, 재공품, 완제품 및 제품의 판매 및 구매, 상표의 사용, 허여 또는 라이선스 제공, 연구개발, 공정관리, 기술지원, 유틸리티 제공, 토지, 시설 또는 건물의 임대, 보관 및 사업 운영과 관련된 기타 서비스 등)을 제외하고, 단일 거래 또는 일련의 관련 거래에서 총 [?]억원을 초과하는 회사의 계열회사와의 거래
?상법상 (a) 주주총회에 출석한 의결권 있는 주식 총수의 3분의 2 이상 및 (b) 의결권 있는 발행주식의 3분의 1 이상의 주식을 보유한 주주들의 찬성에 의한 주주 승인이 필요한 것으로서 아래 명시된 사항:
(i) 정관의 개정(제434조);
(ii) 회사 사업의 전부 또는 중요한 일부의 양도에 대한 승인(제374조 제1항 제1호)
(iii) 전체 사업 임대, 해당 사업에 대한 경영권 부여, 해당 사업과 관련된 모든 손익을 제3자와 분담하는 계약 또는 이와 유사한 계약의 체결, 변경, 해지 등의 승인(제374조 제1항 제2호)
(iv) 회사의 사업에 중대한 영향을 미치는 다른 회사의 사업의 전부 또는 일부의 취득에 대한 승인(제374조 제1항 제3호)
(v) 이사 또는 감사의 해임(제385조 제1항)
(vi) 주식의 액면미달 발행(제417조 제1항)
(vii) 납입 자본금의 감소(제438조 제1항)
(viii) 회사의 해산 및 청산(제518조)
(ix) 합병 또는 분할에 대한 승인(제522조 제3항, 제530조의3 제2항)
(x) 주식의 포괄적 교환에 대한 승인(제360조의3 제2항)
(xi) 주식의 포괄적 이전에 대한 승인(제360조의16 제2항)
(xii) 주식매수선택권의 부여(제340조의2 제1항)
(xiii) 정관에 명시되지 않은 제3자에 대한 전환사채 발행 시 전환 조건 및 내용에 대한 결정(제513조 제3항)
(xiv) 정관에 명시되지 않은 제3자에 대한 신주인수권부사채 발행 시 신주인수권의 내용에 대한 결정(제516조의2 제4항)
(xv) 해산 후 회사의 계속(제519조)
(xvi) 주식의 분할(제329조의2)
",SY_WORK-#7701626-v4-_LGHH_ M&A - 국문 표준 SHA 양식 - Pro Majority
COMPLETION_MEDIUM,,"지배주주는 IPO를 추진함에 있어서, 관련 법령 또는 상장 관련 기관의 규정이 허용하는 범위 내에서 소수주주와의 협의를 통하여 소수주주가 보유하는 회사 주식의 구주 매출이 지배주주(그 특수관계인 포함)에 우선하여 이루어지고, 그 수량이 최대화될 수 있도록 최대한 노력하기로 한다. 또한, 지배주주는 IPO와 관련하여, 관련 법령 및 상장 관련 기관의 규정이 허용하는 범위 내에서, 소수주주가 보유하는 회사 주식의 전부 또는 일부에 대하여 의무보유(보호예수)가 [BLANK] 최대한 노력하기로 한다. ","요구되지 아니하도록 하거나 요구된다 하더라도 그 범위(기간, 대상 주식 수 등)가 최소화될 수 있도록",가이드라인
